Customer_ID,Name,Email,Phone,Date_of_Birth,Account_Balance,Join_Date
1001,Charlie Davis,bob@email.com,,25/05/1969,7451.75,12/10/2022
1002,David Wilson,,,27/10/2000,-467.37,10/02/2012
1003,David Wilson,,987-654-3210,17/10/1991,7497.79,05/09/2017
1004,Bob Smith,charlie@email.com,,08/10/2000,1044.9,21/11/2020
1005,Eve Adams,charlie@email.com,,31/05/1984,5889.29,04/04/2016
1006,Charlie Davis,,,21/12/1972,5944.69,06/12/2020
1007,David Wilson,bob@email.com,987-654-3210,09/11/2003,3519.93,26/12/2021
1008,Alice Johnson,bob@email.com,,17/11/1980,1291.47,04/11/2010
1009,Charlie Davis,bob@email.com,,25/02/1974,5452.16,14/01/2016
1010,David Wilson,bob@email.com,123-456-7890,18/07/1970,1725.47,23/02/2011
1011,Eve Adams,bob@email.com,987-654-3210,07/08/1999,7048.18,22/03/2010
1012,David Wilson,,,12/01/1962,268.53,22/02/2021
1013,Eve Adams,charlie@email.com,123-456-7890,02/07/1964,5952.67,22/09/2013
1014,David Wilson,bob@email.com,987-654-3210,23/03/1978,7286.33,01/10/2023
1015,David Wilson,charlie@email.com,123-456-7890,06/12/1986,7069.98,28/03/2018
1016,Eve Adams,,987-654-3210,28/06/1998,2534.23,29/07/2015
1017,Alice Johnson,,987-654-3210,24/06/1993,7102.77,31/01/2018
1018,Charlie Davis,bob@email.com,987-654-3210,14/01/1984,8560.44,17/01/2019
1019,Eve Adams,alice@email.com,987-654-3210,14/02/1978,7088.9,13/03/2014
1020,Bob Smith,bob@email.com,123-456-7890,17/11/1990,2060.39,27/05/2019
1021,Bob Smith,bob@email.com,987-654-3210,04/10/1989,27.94,08/06/2017
1022,Bob Smith,,,24/08/1993,1213.64,01/03/2022
1023,Alice Johnson,charlie@email.com,,30/12/1997,1050.95,03/10/2016
1024,Eve Adams,,987-654-3210,10/08/1961,288.32,10/04/2020
1025,Alice Johnson,,123-456-7890,27/02/1960,4467.02,27/09/2018
1026,Eve Adams,charlie@email.com,987-654-3210,09/05/1975,5540.13,01/12/2020
1027,Bob Smith,,123-456-7890,08/08/1987,241.07,23/06/2012
1028,Charlie Davis,alice@email.com,123-456-7890,24/01/1969,2665.77,15/10/2017
1029,Bob Smith,charlie@email.com,,30/03/1990,6533.77,13/02/2017
1030,Eve Adams,alice@email.com,,03/11/1973,3032.22,09/03/2015
1031,Alice Johnson,,,18/12/1991,-355.18,01/09/2014
1032,Bob Smith,bob@email.com,987-654-3210,31/07/1984,9681.25,04/07/2016
1033,Charlie Davis,alice@email.com,,29/07/1964,9136.62,17/05/2021
1034,Bob Smith,alice@email.com,123-456-7890,15/08/1973,3582.64,04/02/2021
1035,David Wilson,bob@email.com,123-456-7890,13/04/1982,4298.26,02/03/2022
1036,Alice Johnson,charlie@email.com,,06/04/1966,4557.93,11/03/2012
1037,David Wilson,bob@email.com,123-456-7890,20/02/2003,2520.47,21/05/2018
1038,Eve Adams,,,05/07/1965,873.13,29/08/2018
1039,David Wilson,alice@email.com,,28/11/1969,5061.02,22/09/2022
1040,Charlie Davis,bob@email.com,987-654-3210,18/05/1992,45.75,16/11/2012
1041,Bob Smith,charlie@email.com,,31/05/1969,9916.43,10/09/2016
1042,Alice Johnson,,,17/04/1983,6254.69,11/11/2012
1043,Alice Johnson,,987-654-3210,17/06/1992,8884.5,20/07/2020
1044,Charlie Davis,bob@email.com,123-456-7890,29/03/1997,6757.69,30/01/2011
1045,David Wilson,,123-456-7890,29/01/1974,2284.34,20/03/2016
1046,David Wilson,,987-654-3210,01/10/2000,1395.53,25/04/2013
1047,Charlie Davis,charlie@email.com,,19/01/1992,9090.62,08/08/2013
1048,Bob Smith,,,09/06/1999,7370.06,07/10/2016
1049,Eve Adams,,,25/10/1967,9418.14,14/08/2010
1050,Bob Smith,,,16/02/1974,9733.56,30/11/2023
1051,Bob Smith,alice@email.com,987-654-3210,16/10/1960,5517.07,29/08/2010
1052,Alice Johnson,bob@email.com,,08/04/1983,1489.22,21/11/2018
1053,Charlie Davis,,,11/02/1985,6720.21,24/05/2022
1054,David Wilson,,,12/04/1985,1279,16/09/2021
1055,Bob Smith,bob@email.com,,25/01/1977,9311.89,03/01/2022
1056,Charlie Davis,,123-456-7890,16/01/1987,518.29,10/01/2010
1057,David Wilson,bob@email.com,,13/07/1965,840.06,01/09/2014
1058,Eve Adams,,123-456-7890,31/01/1984,5768.8,27/06/2019
1059,Alice Johnson,,123-456-7890,29/03/2005,3774.49,19/09/2011
1060,Charlie Davis,,987-654-3210,01/01/1984,662.53,28/07/2012
1061,David Wilson,bob@email.com,,19/01/1987,5895.24,06/11/2015
1062,Alice Johnson,bob@email.com,,15/07/2004,5055.23,07/03/2018
1063,Alice Johnson,bob@email.com,123-456-7890,25/01/1991,526.38,15/01/2016
1064,Bob Smith,bob@email.com,987-654-3210,11/03/1961,8038.35,21/02/2017
1065,David Wilson,charlie@email.com,987-654-3210,10/02/1966,-422.87,10/08/2014
1066,Charlie Davis,alice@email.com,987-654-3210,30/12/1961,8955.71,05/01/2021
1067,Bob Smith,,987-654-3210,26/12/2005,9510.35,31/10/2016
1068,David Wilson,,987-654-3210,14/06/1981,4095.45,18/07/2013
1069,Eve Adams,charlie@email.com,123-456-7890,17/11/1985,5321.93,21/12/2015
1070,Eve Adams,bob@email.com,987-654-3210,27/05/1984,200.4,16/07/2010
1071,David Wilson,,,10/03/1982,2347.48,10/07/2010
1072,David Wilson,,123-456-7890,14/08/1995,5033.59,15/07/2012
1073,Eve Adams,bob@email.com,987-654-3210,28/10/1974,9991.48,11/07/2019
1074,Bob Smith,,123-456-7890,18/11/1966,9592.44,16/05/2020
1075,Eve Adams,,123-456-7890,04/11/1964,-287.25,08/04/2013
1076,Charlie Davis,alice@email.com,,15/04/2001,4359.59,16/06/2022
1077,Charlie Davis,,123-456-7890,10/06/1988,226.43,28/03/2018
1078,David Wilson,,123-456-7890,01/05/1976,113.03,21/08/2021
1079,Charlie Davis,alice@email.com,987-654-3210,01/05/1982,7048.43,05/05/2016
1080,Bob Smith,,,16/01/1981,1781.18,15/08/2016
1081,Eve Adams,bob@email.com,987-654-3210,16/08/1999,9920.35,22/04/2011
1082,Eve Adams,charlie@email.com,,10/10/2002,1873.31,17/01/2011
1083,Charlie Davis,bob@email.com,987-654-3210,05/08/1960,1174.92,26/06/2016
1084,Alice Johnson,charlie@email.com,123-456-7890,13/06/1967,4593.31,12/12/2021
1085,Eve Adams,charlie@email.com,987-654-3210,01/09/1989,4631.15,26/03/2022
1086,Alice Johnson,,,21/08/1977,3476.9,23/10/2021
1087,Eve Adams,alice@email.com,987-654-3210,20/02/2004,687.62,12/06/2019
1088,Bob Smith,,987-654-3210,28/06/2001,4593.93,07/07/2021
1089,Alice Johnson,bob@email.com,123-456-7890,06/06/1975,1249.5,10/12/2023
1090,Bob Smith,,123-456-7890,25/11/1990,9241.5,04/07/2013
1091,Alice Johnson,,,28/08/1970,2830.97,03/04/2021
1092,Charlie Davis,bob@email.com,123-456-7890,07/01/2003,2690.48,26/03/2022
1093,Charlie Davis,bob@email.com,123-456-7890,24/12/1964,1107.75,18/06/2015
1094,Charlie Davis,,,14/05/1998,4726.88,15/03/2021
1095,Alice Johnson,alice@email.com,,05/04/1994,8627.77,17/08/2023
1096,David Wilson,,987-654-3210,06/08/2005,3601.83,16/01/2021
1097,Bob Smith,bob@email.com,123-456-7890,15/08/1970,2350.56,26/08/2010
1098,Charlie Davis,,,29/01/1964,7167.54,01/06/2015
1099,Bob Smith,charlie@email.com,123-456-7890,31/03/1999,5308.71,09/04/2018
1100,Alice Johnson,charlie@email.com,123-456-7890,12/03/1999,6541.03,21/09/2016
1101,Eve Adams,charlie@email.com,,20/10/1996,7868.14,09/04/2010
1102,Alice Johnson,,987-654-3210,21/04/1974,3936.62,24/06/2020
1103,Eve Adams,,987-654-3210,11/05/1966,494.64,19/10/2021
1104,Charlie Davis,,,08/04/1995,4916.88,31/10/2013
1105,Eve Adams,,,28/01/1972,7296.93,24/04/2014
1106,Eve Adams,bob@email.com,,19/10/1967,6174.37,26/07/2010
1107,Bob Smith,alice@email.com,987-654-3210,07/07/1970,3526.1,09/10/2019
1108,Eve Adams,alice@email.com,123-456-7890,19/04/1993,6413.21,09/08/2019
1109,Eve Adams,alice@email.com,987-654-3210,18/09/1976,6572.66,01/07/2020
1110,Bob Smith,,987-654-3210,20/05/1999,9459.05,31/01/2021
1111,Eve Adams,charlie@email.com,,23/04/2002,6510.73,16/11/2022
1112,David Wilson,,123-456-7890,30/06/1988,6738.26,03/10/2017
1113,Eve Adams,bob@email.com,987-654-3210,04/10/1965,7883.76,22/03/2012
1114,David Wilson,charlie@email.com,987-654-3210,30/05/1962,4737.63,24/08/2013
1115,David Wilson,charlie@email.com,123-456-7890,05/08/1985,9403.56,06/03/2017
1116,Bob Smith,,123-456-7890,05/12/1981,6658.98,02/06/2012
1117,Alice Johnson,charlie@email.com,123-456-7890,13/09/1962,8570.22,22/05/2014
1118,Alice Johnson,charlie@email.com,123-456-7890,24/12/1979,7777.7,16/02/2016
1119,Alice Johnson,charlie@email.com,987-654-3210,20/03/1960,9211.54,13/01/2020
1120,David Wilson,,,26/02/1989,4517.37,04/04/2021
1121,Bob Smith,alice@email.com,123-456-7890,23/10/1983,5015.98,08/04/2023
1122,David Wilson,alice@email.com,,25/04/1962,9868.41,30/05/2022
1123,David Wilson,alice@email.com,,18/07/1979,4674.12,06/04/2013
1124,Charlie Davis,alice@email.com,123-456-7890,05/03/1984,4531.93,29/12/2012
1125,Alice Johnson,bob@email.com,987-654-3210,20/06/1961,801.21,24/03/2019
1126,Alice Johnson,bob@email.com,123-456-7890,18/12/2002,5566.32,25/08/2016
1127,Bob Smith,bob@email.com,,24/03/1989,3954.83,01/10/2012
1128,Bob Smith,bob@email.com,123-456-7890,17/08/1983,7755.15,25/05/2010
1129,Alice Johnson,bob@email.com,,04/07/1992,6137.42,09/10/2016
1130,Charlie Davis,,,16/03/2000,2380.14,21/07/2018
1131,Bob Smith,bob@email.com,123-456-7890,09/12/1987,608.81,21/12/2012
1132,Eve Adams,alice@email.com,987-654-3210,04/02/1999,2140.06,20/07/2019
1133,Charlie Davis,bob@email.com,987-654-3210,28/12/1992,4572.81,19/04/2012
1134,Alice Johnson,bob@email.com,123-456-7890,22/03/1986,6216.1,14/02/2023
1135,Alice Johnson,bob@email.com,,05/07/1971,1348.83,29/01/2017
1136,David Wilson,charlie@email.com,,07/07/1968,1641.54,03/07/2021
1137,David Wilson,bob@email.com,123-456-7890,28/01/1987,7.29,05/08/2011
1138,Charlie Davis,charlie@email.com,987-654-3210,13/06/1992,1283.3,08/11/2019
1139,Charlie Davis,bob@email.com,987-654-3210,06/05/1965,2996.88,20/05/2018
1140,David Wilson,charlie@email.com,123-456-7890,27/08/1972,6042.02,14/10/2011
1141,Eve Adams,alice@email.com,987-654-3210,17/11/1970,2412.04,10/04/2011
1142,Eve Adams,bob@email.com,123-456-7890,01/03/1980,1355.96,21/12/2022
1143,Bob Smith,,987-654-3210,06/11/1992,8212.25,10/02/2021
1144,Alice Johnson,bob@email.com,987-654-3210,10/02/1982,1117.95,09/12/2016
1145,Bob Smith,charlie@email.com,987-654-3210,30/08/1965,7846.83,01/08/2010
1146,Eve Adams,charlie@email.com,987-654-3210,26/02/1961,9177.97,26/10/2020
1147,Eve Adams,charlie@email.com,,26/08/1982,226.01,21/02/2021
1148,Eve Adams,,,07/10/2005,799.9,01/04/2010
1149,Bob Smith,bob@email.com,123-456-7890,28/04/1988,4829.79,23/01/2012
1150,Charlie Davis,charlie@email.com,,22/03/1995,7506.38,09/04/2023
1151,David Wilson,bob@email.com,,26/09/2002,3030.85,10/12/2018
1152,David Wilson,bob@email.com,123-456-7890,12/04/1971,8128.85,06/10/2022
1153,Charlie Davis,,,30/09/1967,-52.08,29/07/2020
1154,Charlie Davis,charlie@email.com,987-654-3210,01/01/1977,7068.7,27/10/2018
1155,David Wilson,bob@email.com,987-654-3210,16/09/2001,9059,14/12/2021
1156,Alice Johnson,,123-456-7890,09/06/1994,6666.2,07/07/2014
1157,Bob Smith,bob@email.com,987-654-3210,03/08/1961,697.67,23/08/2019
1158,Eve Adams,bob@email.com,987-654-3210,06/02/1998,1442.6,05/02/2016
1159,Alice Johnson,charlie@email.com,,27/04/1991,8777.12,15/05/2017
1160,Eve Adams,charlie@email.com,123-456-7890,12/09/1983,4695.95,09/04/2023
1161,Bob Smith,charlie@email.com,123-456-7890,27/01/1980,7382.92,16/04/2014
1162,Alice Johnson,alice@email.com,987-654-3210,05/12/1989,9336.21,23/06/2010
1163,Eve Adams,alice@email.com,,18/03/1998,8602.29,27/06/2018
1164,Bob Smith,bob@email.com,123-456-7890,23/03/1990,3350.13,25/09/2022
1165,Bob Smith,alice@email.com,,14/04/1980,191.73,27/10/2014
1166,Eve Adams,charlie@email.com,987-654-3210,28/02/1991,3182.16,15/02/2021
1167,David Wilson,,,17/02/1978,9348.52,24/12/2023
1168,David Wilson,charlie@email.com,987-654-3210,27/02/1963,-402.63,05/11/2018
1169,Bob Smith,charlie@email.com,,05/06/1963,8158.71,10/12/2012
1170,Eve Adams,bob@email.com,987-654-3210,26/10/1961,7826.6,26/04/2016
1171,Bob Smith,charlie@email.com,123-456-7890,22/03/1973,7121.13,26/10/2020
1172,David Wilson,,987-654-3210,05/07/1989,-289.03,27/07/2014
1173,David Wilson,,123-456-7890,14/06/1965,2788.9,12/01/2012
1174,Alice Johnson,charlie@email.com,,17/10/1976,9817.98,17/01/2020
1175,Charlie Davis,,987-654-3210,02/07/1982,3811.26,11/01/2019
1176,Eve Adams,bob@email.com,,14/08/1994,5282.79,28/12/2012
1177,Bob Smith,bob@email.com,987-654-3210,20/02/1965,5786.99,24/09/2012
1178,Eve Adams,bob@email.com,123-456-7890,27/06/1985,-301.78,24/11/2013
1179,Charlie Davis,,987-654-3210,25/12/1967,811.26,05/12/2016
1180,David Wilson,alice@email.com,,28/03/1986,3081.5,18/07/2014
1181,Bob Smith,charlie@email.com,,03/03/1981,586.3,30/01/2013
1182,David Wilson,charlie@email.com,987-654-3210,25/04/1988,629.09,03/08/2020
1183,Bob Smith,,987-654-3210,28/11/1970,1426.77,03/05/2022
1184,Eve Adams,bob@email.com,,10/09/1971,5759.89,26/11/2021
1185,Eve Adams,,987-654-3210,20/03/2002,4068.77,11/02/2011
1186,David Wilson,bob@email.com,123-456-7890,10/04/1994,436.93,16/02/2017
1187,Eve Adams,,,24/10/1975,8220.55,25/04/2014
1188,Alice Johnson,charlie@email.com,987-654-3210,03/06/1998,4099.91,17/01/2010
1189,Eve Adams,,123-456-7890,23/12/1987,8332.35,15/11/2021
1190,Eve Adams,bob@email.com,,08/07/1998,5958.17,17/05/2011
1191,Charlie Davis,,987-654-3210,18/04/1998,6041.05,24/07/2023
1192,Bob Smith,bob@email.com,123-456-7890,21/09/1984,7992.24,27/12/2019
1193,Charlie Davis,,,28/07/1976,525.61,17/01/2020
1194,Charlie Davis,bob@email.com,,22/03/1980,5438.06,08/09/2012
1195,Bob Smith,,,30/08/1979,6893.3,14/02/2017
1196,Alice Johnson,,,16/03/1968,7991.06,11/09/2021
1197,Charlie Davis,bob@email.com,123-456-7890,13/05/1996,8153.33,15/10/2013
1198,Bob Smith,,123-456-7890,20/11/1960,9698.72,17/08/2019
1199,Eve Adams,charlie@email.com,123-456-7890,21/09/1969,4573.4,05/12/2016
1200,Eve Adams,,987-654-3210,17/04/2001,1174.77,21/07/2015
1201,David Wilson,,123-456-7890,06/11/1976,7577.63,28/08/2018
1202,Charlie Davis,alice@email.com,987-654-3210,27/01/1964,4013.99,12/12/2013
1203,Alice Johnson,bob@email.com,,20/03/2002,616.36,06/09/2014
1204,Charlie Davis,alice@email.com,,11/02/1963,5713.07,28/01/2019
1205,Alice Johnson,charlie@email.com,987-654-3210,06/09/1970,861.51,12/12/2018
1206,Bob Smith,charlie@email.com,,16/07/2004,3464.98,28/08/2015
1207,Alice Johnson,,987-654-3210,06/03/1986,-298.28,16/07/2022
1208,Bob Smith,,987-654-3210,16/08/1987,4283.64,29/04/2012
1209,Bob Smith,bob@email.com,987-654-3210,07/07/1979,-28.69,28/03/2023
1210,Charlie Davis,bob@email.com,123-456-7890,07/03/1962,6248.04,17/01/2019
1211,Bob Smith,,987-654-3210,06/02/1966,5582.95,19/05/2011
1212,Bob Smith,charlie@email.com,987-654-3210,28/08/1962,5804.21,26/01/2016
1213,Charlie Davis,bob@email.com,123-456-7890,26/07/1995,9419.66,13/10/2010
1214,David Wilson,alice@email.com,,04/08/1969,155.06,05/10/2019
1215,Bob Smith,,123-456-7890,19/08/1964,243.55,07/12/2020
1216,David Wilson,,,04/02/1983,6877.55,12/08/2019
1217,Alice Johnson,bob@email.com,987-654-3210,06/02/1987,1847.66,01/01/2016
1218,Alice Johnson,bob@email.com,,22/06/1960,4968.05,24/05/2012
1219,Charlie Davis,charlie@email.com,,25/06/1969,2896.55,05/01/2011
1220,Bob Smith,alice@email.com,123-456-7890,22/05/2003,7717.53,17/12/2011
1221,Alice Johnson,,987-654-3210,04/06/2000,9620.77,13/03/2013
1222,Alice Johnson,charlie@email.com,123-456-7890,14/07/1994,7763.72,24/08/2019
1223,Charlie Davis,charlie@email.com,123-456-7890,05/10/2003,9238.85,23/08/2011
1224,Charlie Davis,,987-654-3210,23/04/2003,2966.35,29/08/2016
1225,Bob Smith,,,12/01/1965,521.45,03/02/2023
1226,David Wilson,alice@email.com,123-456-7890,13/03/1990,2340.34,12/07/2018
1227,Eve Adams,,,13/08/1995,6870.85,27/10/2018
1228,Alice Johnson,charlie@email.com,,02/10/2002,1050.79,03/07/2010
1229,Eve Adams,charlie@email.com,,14/08/1980,4114.28,03/06/2015
1230,David Wilson,alice@email.com,987-654-3210,01/07/1967,9337.84,02/02/2016
1231,Bob Smith,charlie@email.com,123-456-7890,10/03/2004,6380.43,28/06/2017
1232,Eve Adams,,123-456-7890,15/05/1963,5881.27,25/01/2022
1233,Bob Smith,,123-456-7890,16/12/1980,3911.02,18/05/2019
1234,Bob Smith,bob@email.com,123-456-7890,18/06/1985,4474.25,24/06/2016
1235,Charlie Davis,,987-654-3210,10/01/1986,1907.02,05/05/2021
1236,David Wilson,,,05/02/1988,486.76,31/10/2014
1237,Bob Smith,,987-654-3210,27/02/1990,9092.12,16/02/2019
1238,David Wilson,alice@email.com,123-456-7890,14/09/2004,5418.8,24/12/2012
1239,Bob Smith,,987-654-3210,23/05/1981,6926.21,13/04/2022
1240,Eve Adams,alice@email.com,,13/11/2000,7440.7,23/01/2023
1241,Bob Smith,alice@email.com,987-654-3210,01/07/1964,6158.34,23/04/2023
1242,Charlie Davis,alice@email.com,987-654-3210,11/12/1971,5793.72,16/07/2016
1243,Eve Adams,bob@email.com,,23/02/1986,8224.58,06/08/2010
1244,Charlie Davis,bob@email.com,987-654-3210,29/04/2005,7597.96,15/07/2021
1245,David Wilson,bob@email.com,987-654-3210,22/12/1967,5602.94,13/03/2014
1246,Bob Smith,,123-456-7890,18/02/1967,3158.08,10/10/2023
1247,Eve Adams,charlie@email.com,,05/05/2004,3412.43,07/06/2012
1248,Alice Johnson,alice@email.com,123-456-7890,05/12/1994,3199.12,27/07/2010
1249,Charlie Davis,alice@email.com,123-456-7890,03/06/1969,8334.28,24/03/2011
1250,David Wilson,,,06/12/1973,5162.6,09/08/2011
1251,David Wilson,charlie@email.com,,16/08/2003,177.96,04/01/2021
1252,Charlie Davis,,123-456-7890,30/06/2004,842.3,26/10/2017
1253,Eve Adams,,,04/06/1969,4240.41,14/09/2016
1254,David Wilson,,987-654-3210,30/10/1990,876.92,03/12/2017
1255,David Wilson,alice@email.com,,31/07/2005,3410.32,21/04/2016
1256,Alice Johnson,,123-456-7890,01/01/2000,6771.7,12/11/2016
1257,Bob Smith,charlie@email.com,123-456-7890,28/05/1985,9647.18,05/04/2010
1258,Bob Smith,,987-654-3210,06/07/1981,9495.93,15/03/2022
1259,David Wilson,alice@email.com,123-456-7890,19/12/1993,2838.2,07/05/2022
1260,Eve Adams,alice@email.com,,10/03/2002,7060.12,04/03/2019
1261,Bob Smith,charlie@email.com,,29/01/1986,-235.62,30/10/2010
1262,Alice Johnson,charlie@email.com,,09/03/1975,742.06,12/06/2020
1263,Eve Adams,bob@email.com,,11/04/1986,4998.59,26/01/2018
1264,Alice Johnson,charlie@email.com,987-654-3210,12/10/1988,9901.73,29/09/2013
1265,David Wilson,charlie@email.com,987-654-3210,23/01/2000,808.09,25/10/2014
1266,David Wilson,bob@email.com,,16/01/1995,7708.93,18/12/2018
1267,Eve Adams,,987-654-3210,03/07/1994,8872.51,20/02/2020
1268,Eve Adams,,987-654-3210,28/08/1964,9063.83,09/05/2010
1269,David Wilson,,987-654-3210,29/11/1987,3563.01,29/03/2019
1270,Eve Adams,bob@email.com,,25/11/1984,9851.47,22/05/2015
1271,Alice Johnson,,987-654-3210,02/11/1961,8305.13,20/01/2013
1272,Alice Johnson,alice@email.com,,11/02/1966,-307.67,30/09/2022
1273,Alice Johnson,bob@email.com,,16/01/1985,4044.64,13/10/2017
1274,Eve Adams,,,18/12/1994,-397.31,18/11/2013
1275,Eve Adams,alice@email.com,123-456-7890,26/06/1968,7095.98,15/11/2013
1276,Alice Johnson,bob@email.com,123-456-7890,18/12/1987,4125.92,06/11/2023
1277,Bob Smith,charlie@email.com,123-456-7890,20/07/1973,1967.93,02/11/2011
1278,Bob Smith,alice@email.com,123-456-7890,16/11/1995,8696,02/04/2019
1279,Eve Adams,alice@email.com,123-456-7890,22/04/1992,9380.89,12/09/2010
1280,Bob Smith,,,03/06/1983,5320.22,20/07/2018
1281,Eve Adams,alice@email.com,,13/01/1978,2757.82,09/11/2010
1282,Eve Adams,charlie@email.com,,02/04/1965,-377.24,07/01/2011
1283,David Wilson,charlie@email.com,987-654-3210,10/04/1961,5078.8,18/11/2017
1284,Bob Smith,bob@email.com,,30/09/1963,8193.83,28/07/2014
1285,Bob Smith,bob@email.com,987-654-3210,20/02/1971,2129.2,13/02/2018
1286,Bob Smith,charlie@email.com,123-456-7890,08/06/1965,9453.36,28/01/2018
1287,Eve Adams,alice@email.com,123-456-7890,04/04/1992,138.21,27/10/2022
1288,David Wilson,bob@email.com,123-456-7890,14/01/1972,1252.5,02/05/2015
1289,Alice Johnson,charlie@email.com,,28/01/1996,1895.23,15/03/2020
1290,Bob Smith,alice@email.com,123-456-7890,01/12/1972,9252.4,01/02/2022
1291,Eve Adams,bob@email.com,,09/10/1988,-282.55,05/06/2018
1292,Bob Smith,,,08/09/1985,2961.75,08/06/2011
1293,Bob Smith,charlie@email.com,,06/04/1984,2384.79,13/05/2020
1294,Charlie Davis,charlie@email.com,,15/12/1969,921.39,21/05/2011
1295,Bob Smith,,987-654-3210,30/05/1976,5474.82,23/01/2012
1296,David Wilson,bob@email.com,123-456-7890,05/03/1969,2811.91,10/05/2012
1297,Bob Smith,alice@email.com,987-654-3210,28/11/1982,8426.64,09/04/2018
1298,Charlie Davis,bob@email.com,,05/07/1975,3860.34,04/07/2014
1299,David Wilson,bob@email.com,,25/06/1967,7322.19,21/02/2014
1300,Bob Smith,bob@email.com,123-456-7890,29/05/1965,1081.58,07/11/2016
1301,Bob Smith,,,04/06/1980,5028.94,20/01/2023
1302,Bob Smith,bob@email.com,,16/02/1971,8063,24/01/2011
1303,Charlie Davis,,123-456-7890,11/10/1966,8496.29,10/02/2019
1304,Bob Smith,bob@email.com,987-654-3210,22/08/1986,555.17,10/07/2015
1305,Eve Adams,,123-456-7890,17/06/2005,9788.66,07/03/2021
1306,Alice Johnson,charlie@email.com,,21/02/1987,5187.76,22/06/2021
1307,David Wilson,alice@email.com,,19/09/2002,224.22,09/01/2022
1308,Alice Johnson,,987-654-3210,04/09/1965,1771.35,30/01/2013
1309,David Wilson,,123-456-7890,14/10/1992,8686.75,14/12/2017
1310,Bob Smith,alice@email.com,987-654-3210,01/10/1974,7103.45,02/04/2015
1311,Bob Smith,,123-456-7890,07/07/1960,-86.77,22/10/2011
1312,Alice Johnson,bob@email.com,987-654-3210,05/09/1996,9298.66,11/08/2023
1313,Alice Johnson,alice@email.com,123-456-7890,02/10/1979,7277.5,23/04/2018
1314,Eve Adams,,123-456-7890,17/02/1995,8799.74,24/11/2019
1315,Alice Johnson,bob@email.com,,02/02/1989,8308.47,17/04/2019
1316,Eve Adams,charlie@email.com,,09/09/1976,7167.32,12/04/2012
1317,David Wilson,,,27/08/1971,4471.63,29/06/2010
1318,Bob Smith,bob@email.com,,24/03/1985,4265.36,19/09/2012
1319,Charlie Davis,,,18/12/1987,9857.33,09/11/2022
1320,David Wilson,alice@email.com,,12/12/1976,1977.44,20/09/2018
1321,Eve Adams,,,14/09/1965,4578.18,02/01/2022
1322,Eve Adams,charlie@email.com,,08/05/1999,8071.68,22/07/2022
1323,Bob Smith,charlie@email.com,987-654-3210,07/04/1994,1021.53,09/06/2013
1324,Charlie Davis,alice@email.com,987-654-3210,08/06/2002,5526.14,02/11/2014
1325,Charlie Davis,bob@email.com,123-456-7890,28/08/2003,6018.04,02/03/2011
1326,Bob Smith,,123-456-7890,23/07/1997,2979.24,15/04/2023
1327,Alice Johnson,alice@email.com,123-456-7890,07/11/1973,7404.32,14/11/2018
1328,Bob Smith,bob@email.com,123-456-7890,01/08/1994,7110.87,29/11/2014
1329,Bob Smith,charlie@email.com,987-654-3210,18/10/1975,6110.62,01/03/2016
1330,David Wilson,bob@email.com,123-456-7890,16/10/1963,1211.02,25/12/2010
1331,David Wilson,charlie@email.com,987-654-3210,10/01/1976,6019.08,04/08/2014
1332,Charlie Davis,,,29/08/1990,4391.61,26/01/2017
1333,Alice Johnson,,,01/01/1987,594.35,18/02/2023
1334,David Wilson,charlie@email.com,,26/03/2003,4756.94,02/08/2015
1335,David Wilson,charlie@email.com,987-654-3210,16/02/1998,4749.63,16/06/2023
1336,Charlie Davis,,987-654-3210,01/02/1982,9467.24,08/02/2017
1337,David Wilson,charlie@email.com,987-654-3210,27/02/1984,7334.43,22/08/2010
1338,David Wilson,alice@email.com,987-654-3210,11/02/2004,8252.01,04/11/2021
1339,Bob Smith,,123-456-7890,22/02/2000,6793.7,15/03/2020
1340,David Wilson,bob@email.com,,23/09/1971,2192.98,05/04/2016
1341,Charlie Davis,,,11/12/1984,1056.99,27/12/2021
1342,David Wilson,bob@email.com,987-654-3210,05/01/1999,4488.68,29/12/2023
1343,Alice Johnson,alice@email.com,987-654-3210,03/06/2004,4640.12,25/01/2015
1344,Charlie Davis,charlie@email.com,987-654-3210,30/09/1994,1491.12,05/11/2018
1345,Bob Smith,bob@email.com,987-654-3210,24/09/1970,435.68,18/12/2012
1346,Charlie Davis,charlie@email.com,987-654-3210,23/11/2000,561.19,15/02/2018
1347,Eve Adams,,987-654-3210,27/09/1991,4524.02,10/08/2014
1348,Bob Smith,,123-456-7890,17/11/1960,2839.61,16/12/2012
1349,David Wilson,charlie@email.com,,02/11/1982,-233.79,22/05/2012
1350,Eve Adams,charlie@email.com,123-456-7890,10/03/2004,4546.46,13/11/2011
1351,Bob Smith,bob@email.com,,04/07/1983,9203.45,27/07/2023
1352,Charlie Davis,bob@email.com,,24/12/1983,6044.71,04/03/2012
1353,David Wilson,alice@email.com,123-456-7890,04/11/1965,7353.72,26/10/2010
1354,Bob Smith,bob@email.com,,14/12/1966,6103.37,18/06/2019
1355,Charlie Davis,bob@email.com,,09/08/1967,3411.01,18/03/2016
1356,Bob Smith,,123-456-7890,03/02/1974,7532.29,17/11/2013
1357,Bob Smith,bob@email.com,987-654-3210,12/12/1977,2879.73,20/04/2013
1358,David Wilson,charlie@email.com,123-456-7890,27/08/1997,2112.77,16/11/2023
1359,Charlie Davis,alice@email.com,987-654-3210,18/07/1964,3269.77,08/07/2014
1360,Alice Johnson,,,08/03/1968,3042.21,01/05/2023
1361,Alice Johnson,charlie@email.com,123-456-7890,19/05/1969,5587.26,08/02/2012
1362,Eve Adams,,987-654-3210,06/06/1984,8385.72,08/10/2010
1363,Alice Johnson,bob@email.com,987-654-3210,14/05/1990,1400.36,23/01/2017
1364,Eve Adams,charlie@email.com,123-456-7890,19/01/2004,6352.51,25/10/2011
1365,Eve Adams,alice@email.com,123-456-7890,14/03/1973,644.16,19/08/2022
1366,David Wilson,alice@email.com,,28/05/1971,8378.34,03/03/2023
1367,Charlie Davis,alice@email.com,,17/03/1994,1282.28,01/08/2022
1368,David Wilson,alice@email.com,123-456-7890,05/04/1966,4942.11,20/01/2016
1369,Charlie Davis,bob@email.com,987-654-3210,17/03/2002,5970,05/11/2023
1370,Alice Johnson,charlie@email.com,123-456-7890,26/05/1996,5560.3,13/05/2010
1371,David Wilson,alice@email.com,123-456-7890,01/09/1996,4601.13,02/09/2015
1372,Eve Adams,charlie@email.com,987-654-3210,18/06/2002,8325.96,27/04/2023
1373,Alice Johnson,,987-654-3210,04/07/1996,-438.11,03/10/2017
1374,Charlie Davis,bob@email.com,987-654-3210,29/03/1989,3600.09,30/11/2011
1375,Eve Adams,,123-456-7890,24/07/1973,3605.79,18/04/2019
1376,Alice Johnson,,123-456-7890,27/02/1994,1665.71,11/09/2012
1377,Eve Adams,alice@email.com,,17/05/1999,6853.03,13/09/2017
1378,David Wilson,charlie@email.com,987-654-3210,17/07/1989,2709.79,31/08/2021
1379,David Wilson,alice@email.com,,14/05/1975,8176.48,23/05/2018
1380,David Wilson,alice@email.com,987-654-3210,23/10/1994,9826.63,08/05/2022
1381,Eve Adams,charlie@email.com,987-654-3210,23/12/1961,5099.1,13/05/2019
1382,Eve Adams,charlie@email.com,,07/05/1970,2522.44,16/11/2019
1383,David Wilson,bob@email.com,,11/07/2005,3311.08,13/04/2014
1384,David Wilson,charlie@email.com,,17/06/1981,2660.31,01/04/2014
1385,Bob Smith,bob@email.com,987-654-3210,30/05/1965,5606.83,06/10/2020
1386,Charlie Davis,bob@email.com,987-654-3210,09/11/1992,-450.99,12/05/2015
1387,Eve Adams,charlie@email.com,123-456-7890,28/08/1973,192.94,17/03/2015
1388,Bob Smith,,987-654-3210,06/06/1990,3826.26,16/04/2016
1389,Bob Smith,alice@email.com,987-654-3210,18/06/1978,482.76,02/10/2015
1390,Charlie Davis,charlie@email.com,,09/05/2001,6123.58,27/10/2012
1391,David Wilson,bob@email.com,987-654-3210,17/02/1970,121.76,08/04/2020
1392,Charlie Davis,bob@email.com,123-456-7890,09/04/1986,7797.12,04/10/2013
1393,David Wilson,alice@email.com,123-456-7890,15/03/1987,1637.61,05/03/2010
1394,David Wilson,alice@email.com,987-654-3210,04/09/1982,4503.71,25/01/2020
1395,Alice Johnson,,,28/08/2002,9354.23,16/03/2011
1396,Eve Adams,charlie@email.com,123-456-7890,27/02/1970,7374.77,17/10/2023
1397,Eve Adams,,,04/04/1965,1122.73,13/02/2019
1398,Alice Johnson,alice@email.com,123-456-7890,25/05/1987,2295.1,10/10/2014
1399,Charlie Davis,bob@email.com,987-654-3210,28/12/1979,1625.44,06/08/2014
1400,Alice Johnson,alice@email.com,,05/12/1964,6246.91,28/03/2011
1401,Eve Adams,,123-456-7890,28/08/2005,252.86,23/11/2011
1402,Alice Johnson,alice@email.com,,02/06/1977,5486.22,05/11/2022
1403,David Wilson,charlie@email.com,,03/10/1983,9296.49,21/08/2018
1404,David Wilson,bob@email.com,,21/11/1969,3122.5,04/01/2011
1405,David Wilson,bob@email.com,123-456-7890,23/03/1989,938.44,20/04/2020
1406,David Wilson,charlie@email.com,987-654-3210,21/05/2004,2969.76,16/05/2012
1407,Alice Johnson,bob@email.com,123-456-7890,26/06/1985,6711,01/01/2012
1408,Eve Adams,charlie@email.com,,13/12/1980,9564.05,28/07/2023
1409,Eve Adams,,,31/01/2002,8143.61,17/09/2014
1410,David Wilson,bob@email.com,987-654-3210,16/05/1989,3912.2,13/06/2016
1411,David Wilson,charlie@email.com,987-654-3210,27/11/1964,3249.84,02/09/2020
1412,Alice Johnson,alice@email.com,987-654-3210,27/11/1982,4703.22,24/10/2023
1413,Eve Adams,charlie@email.com,123-456-7890,14/08/1971,9518.58,24/11/2020
1414,Bob Smith,charlie@email.com,987-654-3210,30/08/1991,6863.05,13/11/2015
1415,Charlie Davis,bob@email.com,,12/01/1963,6485.51,26/10/2018
1416,Alice Johnson,bob@email.com,123-456-7890,23/10/2003,1543.41,03/10/2022
1417,David Wilson,charlie@email.com,,30/03/1962,4175.63,27/01/2018
1418,Charlie Davis,alice@email.com,987-654-3210,13/08/1968,6753.95,13/06/2012
1419,Bob Smith,charlie@email.com,,17/02/1961,8038.45,27/09/2018
1420,Alice Johnson,alice@email.com,,12/07/1980,807.3,13/02/2018
1421,Alice Johnson,charlie@email.com,987-654-3210,05/09/2003,5545.66,14/07/2012
1422,Alice Johnson,,987-654-3210,03/10/2001,1348.54,19/07/2011
1423,David Wilson,alice@email.com,,08/06/1989,7179.24,22/03/2022
1424,Eve Adams,bob@email.com,,09/11/2000,1391.26,22/05/2013
1425,Bob Smith,,123-456-7890,21/05/1971,3676.2,10/06/2023
1426,Bob Smith,bob@email.com,987-654-3210,19/10/1983,8862.41,21/09/2017
1427,Eve Adams,,,23/06/1971,6307.85,27/01/2019
1428,Alice Johnson,alice@email.com,,21/11/1963,-469.8,10/06/2017
1429,Eve Adams,,123-456-7890,12/09/1966,311.74,03/01/2013
1430,Eve Adams,charlie@email.com,,29/12/1960,5112.67,15/11/2020
1431,Eve Adams,alice@email.com,123-456-7890,22/05/1975,1348.08,09/08/2021
1432,Bob Smith,alice@email.com,,20/06/1972,9061.03,23/01/2012
1433,David Wilson,alice@email.com,123-456-7890,30/05/1965,9126.48,05/12/2018
1434,Eve Adams,charlie@email.com,,14/12/2001,1208.82,23/02/2018
1435,Bob Smith,bob@email.com,123-456-7890,30/07/1986,5328.8,24/07/2023
1436,Bob Smith,bob@email.com,,30/07/1988,2958.7,01/01/2023
1437,Eve Adams,,123-456-7890,31/05/1978,964.65,08/04/2014
1438,David Wilson,charlie@email.com,123-456-7890,19/07/1996,9210.41,04/05/2017
1439,David Wilson,,,28/12/1995,2731.47,07/12/2011
1440,David Wilson,,123-456-7890,23/09/1980,5901.61,26/07/2015
1441,Bob Smith,alice@email.com,,13/09/1982,4599.83,31/07/2023
1442,David Wilson,bob@email.com,123-456-7890,08/03/1969,8594.42,21/04/2020
1443,Alice Johnson,bob@email.com,,01/03/1986,5150.55,20/12/2022
1444,Charlie Davis,bob@email.com,123-456-7890,07/06/1980,2017.19,01/05/2019
1445,Eve Adams,,123-456-7890,18/03/1966,8948.62,28/09/2022
1446,David Wilson,,123-456-7890,07/03/1968,7985.34,13/12/2017
1447,Bob Smith,,,04/05/2000,7183.29,15/05/2022
1448,Alice Johnson,bob@email.com,987-654-3210,03/08/1968,2573.39,04/09/2017
1449,Alice Johnson,bob@email.com,123-456-7890,21/06/1967,73.52,30/12/2017
1450,Charlie Davis,charlie@email.com,,25/03/1964,4460.17,22/10/2021
1451,Charlie Davis,,123-456-7890,01/01/2004,2068.89,08/06/2017
1452,David Wilson,,987-654-3210,17/06/1974,1937.4,07/08/2012
1453,David Wilson,bob@email.com,987-654-3210,17/02/2000,9674.23,11/02/2013
1454,Bob Smith,alice@email.com,987-654-3210,09/01/1986,866.33,25/09/2021
1455,David Wilson,alice@email.com,987-654-3210,26/10/1973,7872.89,01/05/2013
1456,Alice Johnson,bob@email.com,987-654-3210,18/08/2001,906.3,16/09/2015
1457,Eve Adams,charlie@email.com,123-456-7890,18/10/1970,2233.41,12/09/2018
1458,Bob Smith,bob@email.com,123-456-7890,10/07/1994,6447.42,08/05/2021
1459,David Wilson,charlie@email.com,123-456-7890,09/01/1960,3035.25,18/12/2011
1460,David Wilson,,,08/09/2002,4370.67,22/04/2012
1461,Alice Johnson,charlie@email.com,,11/10/1996,9798.03,08/07/2018
1462,Eve Adams,charlie@email.com,987-654-3210,06/05/1969,5090.44,19/05/2016
1463,Eve Adams,alice@email.com,123-456-7890,05/09/1986,4119.44,20/08/2021
1464,Alice Johnson,bob@email.com,,14/02/1996,1750.26,03/12/2011
1465,Alice Johnson,bob@email.com,,13/03/1983,-135.87,28/10/2018
1466,Eve Adams,alice@email.com,987-654-3210,20/07/1964,3727.02,06/12/2017
1467,Bob Smith,bob@email.com,,03/08/1990,3595.74,03/02/2021
1468,Bob Smith,,123-456-7890,11/10/1974,6722.88,10/08/2014
1469,Alice Johnson,bob@email.com,123-456-7890,13/07/1998,4557.19,08/07/2021
1470,Charlie Davis,bob@email.com,123-456-7890,14/11/1971,2177.02,08/10/2011
1471,Eve Adams,alice@email.com,123-456-7890,22/06/1992,7896.64,12/12/2011
1472,Eve Adams,bob@email.com,987-654-3210,07/07/2001,9883.14,30/09/2018
1473,David Wilson,,123-456-7890,26/11/1991,1381.7,19/04/2013
1474,David Wilson,alice@email.com,,02/01/1990,6109.43,31/03/2011
1475,Charlie Davis,charlie@email.com,,02/12/1994,6290.36,26/01/2020
1476,Bob Smith,bob@email.com,,10/05/1960,7761.09,05/12/2019
1477,David Wilson,,,24/10/1973,4611.99,08/09/2015
1478,Bob Smith,,987-654-3210,26/09/1977,2485.38,01/01/2018
1479,Bob Smith,bob@email.com,123-456-7890,01/12/1966,-323.03,05/06/2019
1480,Alice Johnson,,123-456-7890,08/05/1974,2101.3,02/05/2022
1481,Eve Adams,bob@email.com,123-456-7890,07/04/2000,503.69,22/06/2012
1482,Bob Smith,alice@email.com,987-654-3210,08/04/1996,4310.65,23/09/2017
1483,Bob Smith,charlie@email.com,123-456-7890,22/06/1974,6252.22,25/02/2011
1484,Eve Adams,charlie@email.com,123-456-7890,04/10/2004,4660.14,11/03/2011
1485,David Wilson,alice@email.com,,20/07/1994,8724.35,10/10/2015
1486,Eve Adams,bob@email.com,,14/09/1990,5740.36,26/04/2020
1487,Alice Johnson,,,19/03/1971,4133.59,23/02/2020
1488,David Wilson,,987-654-3210,06/09/1991,9067.18,31/01/2016
1489,Charlie Davis,charlie@email.com,987-654-3210,23/12/1965,700.77,15/06/2019
1490,David Wilson,alice@email.com,,29/05/1994,2860.8,25/07/2013
1491,David Wilson,alice@email.com,,19/04/1984,2358.75,16/03/2011
1492,Charlie Davis,,,19/12/1984,2784.8,06/09/2013
1493,David Wilson,alice@email.com,123-456-7890,17/08/1999,1262.35,25/03/2014
1494,Eve Adams,alice@email.com,,14/03/1969,9037.53,24/03/2020
1495,Alice Johnson,alice@email.com,,10/12/2003,7986.31,24/05/2010
1496,David Wilson,,123-456-7890,04/10/1969,970.79,30/11/2012
1497,Alice Johnson,,123-456-7890,16/04/1998,9869,08/12/2010
1498,David Wilson,charlie@email.com,,07/04/1977,-294.71,02/11/2016
1499,Eve Adams,,123-456-7890,02/02/1988,3425.68,22/10/2021
1500,Alice Johnson,,123-456-7890,27/06/2005,4980.67,27/07/2023
1501,Bob Smith,bob@email.com,,07/06/1976,5895.85,05/05/2022
1502,David Wilson,charlie@email.com,987-654-3210,10/10/1981,-390.78,09/06/2014
1503,Alice Johnson,,987-654-3210,31/07/2005,9550.04,21/07/2016
1504,Charlie Davis,alice@email.com,123-456-7890,28/09/1965,8708.25,07/08/2019
1505,Bob Smith,charlie@email.com,123-456-7890,29/06/1986,5077.19,06/10/2021
1506,Alice Johnson,bob@email.com,123-456-7890,20/09/1972,1627.52,26/06/2012
1507,Eve Adams,alice@email.com,123-456-7890,03/02/1965,7001.16,05/04/2014
1508,David Wilson,charlie@email.com,987-654-3210,08/08/1981,103.27,17/12/2010
1509,David Wilson,bob@email.com,987-654-3210,26/04/1975,9748.35,24/01/2022
1510,Bob Smith,alice@email.com,,15/11/1960,6477.78,20/12/2012
1511,Alice Johnson,bob@email.com,987-654-3210,19/08/1973,5591.01,30/09/2023
1512,Charlie Davis,,987-654-3210,18/05/2001,9707.21,03/08/2021
1513,Bob Smith,charlie@email.com,987-654-3210,15/09/1998,7842.32,01/09/2020
1514,Eve Adams,bob@email.com,123-456-7890,20/01/1991,9387.74,06/04/2016
1515,Eve Adams,bob@email.com,,12/02/1984,4355.67,28/11/2023
1516,David Wilson,charlie@email.com,987-654-3210,28/06/1999,8105.54,04/12/2013
1517,Alice Johnson,alice@email.com,123-456-7890,12/03/1998,9494,30/11/2011
1518,Charlie Davis,charlie@email.com,123-456-7890,04/12/1986,8919.9,31/05/2021
1519,David Wilson,alice@email.com,123-456-7890,07/05/2005,4235.95,16/01/2017
1520,Alice Johnson,,123-456-7890,14/10/1960,4578.17,20/11/2022
1521,Bob Smith,charlie@email.com,123-456-7890,16/11/1978,4601.19,01/04/2016
1522,Alice Johnson,,987-654-3210,03/12/1977,8449,23/12/2014
1523,Alice Johnson,alice@email.com,123-456-7890,09/06/2003,1188.78,02/06/2013
1524,David Wilson,bob@email.com,987-654-3210,28/10/1987,117.71,27/02/2019
1525,Charlie Davis,charlie@email.com,,03/11/1966,9648.86,30/12/2017
1526,Alice Johnson,charlie@email.com,123-456-7890,10/11/2005,342.36,06/02/2020
1527,Bob Smith,,,21/06/1982,6476.18,25/05/2015
1528,Eve Adams,,,02/07/1978,3286.58,15/06/2017
1529,Eve Adams,bob@email.com,,07/11/1994,6772.1,15/08/2020
1530,Alice Johnson,bob@email.com,,21/08/1989,429.49,19/10/2023
1531,Eve Adams,,987-654-3210,30/12/1962,5672.06,08/03/2015
1532,Alice Johnson,bob@email.com,987-654-3210,11/06/2003,4437.48,23/11/2016
1533,Alice Johnson,,,29/08/1996,3700.06,01/05/2016
1534,Charlie Davis,alice@email.com,,29/06/1981,4487.94,09/10/2021
1535,Alice Johnson,,987-654-3210,01/03/1968,2856.73,20/04/2013
1536,Eve Adams,alice@email.com,123-456-7890,14/12/1997,7651.21,01/11/2012
1537,Eve Adams,bob@email.com,,15/05/1962,3465.04,01/06/2014
1538,David Wilson,,,21/07/1994,7434.29,23/09/2010
1539,Charlie Davis,,,05/12/1975,4856.38,24/09/2010
1540,David Wilson,alice@email.com,987-654-3210,17/01/1979,9819.65,06/02/2014
1541,David Wilson,bob@email.com,123-456-7890,25/02/1975,7317.36,21/06/2020
1542,Bob Smith,bob@email.com,,05/07/1966,5311.39,17/01/2023
1543,Bob Smith,,,24/05/1962,984.8,22/09/2014
1544,Eve Adams,,123-456-7890,20/11/2005,3256.26,16/02/2021
1545,Charlie Davis,bob@email.com,,17/12/1967,8739.12,11/03/2011
1546,David Wilson,charlie@email.com,,31/01/1977,7988.42,08/10/2020
1547,David Wilson,charlie@email.com,123-456-7890,20/09/2000,2579.23,21/01/2017
1548,David Wilson,,,03/03/1961,3020.88,06/02/2021
1549,Alice Johnson,charlie@email.com,,02/01/2004,4567.02,29/04/2013
1550,Alice Johnson,bob@email.com,,11/04/1960,1547.18,18/03/2012
1551,Eve Adams,bob@email.com,,22/03/1973,4819.47,02/03/2021
1552,Alice Johnson,charlie@email.com,987-654-3210,26/07/1960,8972.49,20/09/2021
1553,Bob Smith,alice@email.com,,30/08/1983,9651.43,13/12/2016
1554,Charlie Davis,alice@email.com,,17/06/2005,2298.27,22/07/2015
1555,Alice Johnson,alice@email.com,,28/05/1960,3599.18,30/05/2018
1556,Alice Johnson,alice@email.com,987-654-3210,24/10/1977,4017.85,10/07/2014
1557,Alice Johnson,alice@email.com,123-456-7890,29/01/1964,-215.19,10/06/2015
1558,Charlie Davis,charlie@email.com,,27/11/1988,5180.01,15/01/2022
1559,David Wilson,bob@email.com,123-456-7890,11/09/1988,3200.87,15/06/2016
1560,Eve Adams,bob@email.com,123-456-7890,26/12/1981,5064.34,27/06/2016
1561,David Wilson,charlie@email.com,,08/12/1994,7661.83,03/01/2020
1562,Bob Smith,,,05/04/1983,8060.53,06/06/2016
1563,Bob Smith,,987-654-3210,12/04/2005,9975.69,21/05/2014
1564,Alice Johnson,,,05/10/1988,1184.08,27/06/2017
1565,Charlie Davis,bob@email.com,123-456-7890,03/10/1992,770.86,06/07/2015
1566,Charlie Davis,charlie@email.com,987-654-3210,30/09/1960,6250.43,05/08/2010
1567,David Wilson,,,21/10/1973,1597.13,23/12/2022
1568,David Wilson,alice@email.com,,01/08/1993,4077.65,02/06/2023
1569,Eve Adams,alice@email.com,123-456-7890,24/05/1985,4835.01,19/06/2016
1570,Bob Smith,alice@email.com,987-654-3210,06/04/1999,9061.65,15/10/2017
1571,Eve Adams,charlie@email.com,123-456-7890,19/01/2000,5995.55,15/07/2016
1572,Bob Smith,charlie@email.com,987-654-3210,31/03/1992,7039.26,11/08/2011
1573,Charlie Davis,,,19/03/1995,4023.06,07/02/2015
1574,Bob Smith,alice@email.com,123-456-7890,10/06/1970,9374.65,18/03/2010
1575,Bob Smith,charlie@email.com,987-654-3210,31/03/1970,1888.18,30/03/2015
1576,Charlie Davis,charlie@email.com,123-456-7890,04/10/2002,297.03,12/09/2013
1577,Alice Johnson,alice@email.com,123-456-7890,14/08/1994,7388.55,17/05/2015
1578,David Wilson,bob@email.com,,10/09/2003,2037.36,08/07/2012
1579,Bob Smith,charlie@email.com,123-456-7890,22/03/1961,9117.73,18/06/2022
1580,Bob Smith,bob@email.com,987-654-3210,23/05/1978,3296.33,11/10/2014
1581,Alice Johnson,bob@email.com,987-654-3210,15/06/1974,1639.08,01/05/2021
1582,Eve Adams,,123-456-7890,19/08/1996,1409.86,03/12/2017
1583,Charlie Davis,charlie@email.com,,29/11/1966,7983.51,18/06/2019
1584,Alice Johnson,,,30/05/1995,5114.76,14/12/2010
1585,David Wilson,alice@email.com,,19/11/1973,748.75,06/04/2023
1586,Charlie Davis,,,11/08/2000,968.46,07/09/2017
1587,David Wilson,,987-654-3210,08/07/1964,365.72,08/08/2015
1588,Charlie Davis,alice@email.com,123-456-7890,25/03/1966,3047.89,25/09/2016
1589,Alice Johnson,charlie@email.com,987-654-3210,21/07/2000,6491.08,01/04/2012
1590,Alice Johnson,,,16/01/1979,922.44,12/10/2014
1591,Charlie Davis,bob@email.com,,24/12/1990,2530.46,20/02/2012
1592,Charlie Davis,charlie@email.com,987-654-3210,24/12/1973,3487.93,27/06/2018
1593,Eve Adams,alice@email.com,123-456-7890,22/01/2002,3667.01,01/05/2020
1594,David Wilson,bob@email.com,123-456-7890,03/07/1986,8509.59,24/12/2023
1595,Alice Johnson,,123-456-7890,19/09/1980,4101.03,29/10/2013
1596,Eve Adams,charlie@email.com,123-456-7890,25/02/1970,8651.87,30/06/2019
1597,Bob Smith,alice@email.com,987-654-3210,09/04/1990,5301.16,09/04/2018
1598,Eve Adams,alice@email.com,,08/05/1967,5542.65,14/10/2022
1599,Bob Smith,bob@email.com,987-654-3210,08/06/1980,9941.14,27/07/2023
1600,Charlie Davis,charlie@email.com,123-456-7890,21/05/1974,8981.67,15/01/2019
1601,Charlie Davis,,,25/08/1961,3748.21,06/12/2011
1602,David Wilson,charlie@email.com,123-456-7890,30/11/1979,5592.04,18/10/2010
1603,Eve Adams,bob@email.com,987-654-3210,11/09/1967,8014.07,22/10/2011
1604,Alice Johnson,charlie@email.com,123-456-7890,14/11/1972,7830.53,28/03/2020
1605,Alice Johnson,charlie@email.com,987-654-3210,27/04/1982,9461.4,16/06/2015
1606,Charlie Davis,charlie@email.com,123-456-7890,28/07/1984,7480.85,07/04/2015
1607,Bob Smith,charlie@email.com,123-456-7890,10/07/1971,6705.53,09/02/2011
1608,Charlie Davis,,123-456-7890,27/11/1992,2787.51,27/03/2021
1609,David Wilson,,123-456-7890,27/06/1980,1178.17,30/05/2022
1610,David Wilson,,123-456-7890,19/03/1983,6440.97,11/03/2021
1611,Charlie Davis,charlie@email.com,123-456-7890,20/05/1992,972.85,22/01/2021
1612,Bob Smith,,987-654-3210,14/02/1985,8515.83,24/08/2010
1613,David Wilson,,,29/08/1993,5237.62,01/06/2012
1614,Bob Smith,,123-456-7890,14/02/1963,3600.14,21/10/2015
1615,Bob Smith,charlie@email.com,987-654-3210,15/10/1962,9010.9,03/09/2021
1616,Bob Smith,bob@email.com,987-654-3210,19/02/1982,1816.99,31/12/2017
1617,Bob Smith,,123-456-7890,01/01/1972,5276.74,17/07/2017
1618,David Wilson,,123-456-7890,12/10/1992,4447.88,25/02/2017
1619,Bob Smith,charlie@email.com,123-456-7890,10/03/1976,311.06,17/01/2022
1620,Eve Adams,,123-456-7890,20/01/1974,5423.83,28/12/2012
1621,Eve Adams,bob@email.com,987-654-3210,06/08/2002,1245.48,06/10/2016
1622,Alice Johnson,,,05/07/1964,7640.26,01/07/2023
1623,David Wilson,,987-654-3210,26/12/1985,9275.08,29/01/2021
1624,Eve Adams,,123-456-7890,01/04/1960,867.14,30/10/2013
1625,Charlie Davis,charlie@email.com,123-456-7890,06/11/1967,8408.87,17/01/2023
1626,Eve Adams,charlie@email.com,,24/11/1971,5393.08,16/04/2011
1627,Eve Adams,bob@email.com,987-654-3210,26/08/1973,1485.65,21/09/2014
1628,Charlie Davis,alice@email.com,123-456-7890,12/05/1983,4048.85,02/07/2013
1629,Eve Adams,bob@email.com,987-654-3210,05/08/1961,2871.8,05/04/2021
1630,Alice Johnson,,987-654-3210,16/12/1960,1584.27,29/03/2010
1631,David Wilson,alice@email.com,987-654-3210,08/01/2004,6390.32,28/06/2010
1632,Alice Johnson,,123-456-7890,25/08/1978,8352.3,18/07/2016
1633,David Wilson,charlie@email.com,987-654-3210,21/11/1975,5815.67,26/12/2023
1634,Bob Smith,,987-654-3210,17/04/1961,2498.49,30/04/2014
1635,Charlie Davis,alice@email.com,987-654-3210,13/04/1961,6328.66,22/04/2022
1636,Bob Smith,alice@email.com,,15/07/2003,732.7,31/03/2019
1637,Eve Adams,,123-456-7890,24/11/1967,5161.29,22/07/2015
1638,Bob Smith,alice@email.com,987-654-3210,07/05/1989,6141.85,27/08/2019
1639,Alice Johnson,charlie@email.com,,21/04/1971,9999.47,11/04/2016
1640,Alice Johnson,alice@email.com,123-456-7890,22/03/1990,3440.61,27/06/2012
1641,Charlie Davis,alice@email.com,,18/12/1992,9256.44,03/12/2013
1642,Charlie Davis,bob@email.com,123-456-7890,05/05/2001,1464.81,29/10/2021
1643,Charlie Davis,bob@email.com,,25/01/1968,9215.03,22/07/2014
1644,Bob Smith,bob@email.com,987-654-3210,10/05/1964,6984.86,30/12/2023
1645,David Wilson,,,24/06/1961,5999.43,07/10/2019
1646,Eve Adams,,123-456-7890,18/01/1997,4562.48,08/07/2010
1647,David Wilson,charlie@email.com,,22/06/1984,9941.55,03/07/2019
1648,David Wilson,alice@email.com,987-654-3210,20/03/1995,-31.88,21/07/2013
1649,Bob Smith,alice@email.com,,07/09/1991,9375.9,17/10/2015
1650,Alice Johnson,,,29/01/1961,2614.95,19/05/2020
1651,Alice Johnson,,,25/06/1991,9295.79,25/12/2016
1652,Alice Johnson,alice@email.com,123-456-7890,04/05/1968,9158.36,20/02/2018
1653,Alice Johnson,charlie@email.com,987-654-3210,16/10/1979,2779.59,04/03/2020
1654,Charlie Davis,alice@email.com,,28/06/1977,1590.53,01/05/2018
1655,David Wilson,alice@email.com,123-456-7890,18/07/1963,1288.11,01/12/2013
1656,Charlie Davis,,987-654-3210,15/04/2002,2460.8,13/11/2014
1657,Alice Johnson,alice@email.com,987-654-3210,28/01/1999,364.5,26/03/2023
1658,David Wilson,,123-456-7890,17/04/1999,9758.5,12/11/2018
1659,Charlie Davis,,987-654-3210,19/11/1979,5451.22,27/06/2013
1660,David Wilson,alice@email.com,123-456-7890,09/10/1998,9056.27,29/10/2011
1661,Eve Adams,,123-456-7890,15/08/1998,7805.59,10/01/2018
1662,Eve Adams,charlie@email.com,,01/07/2005,7022.09,02/08/2013
1663,Charlie Davis,bob@email.com,,19/02/1999,1492.51,29/01/2020
1664,Alice Johnson,charlie@email.com,123-456-7890,04/10/1992,8970.54,25/02/2012
1665,Eve Adams,bob@email.com,123-456-7890,08/12/1965,35.56,08/02/2022
1666,Eve Adams,alice@email.com,987-654-3210,30/08/1984,108.57,26/02/2012
1667,Alice Johnson,bob@email.com,987-654-3210,02/09/1968,-307.7,13/01/2017
1668,Charlie Davis,,,22/06/1991,6864.29,01/10/2020
1669,Bob Smith,bob@email.com,,25/10/1961,4349.42,02/10/2015
1670,Eve Adams,charlie@email.com,123-456-7890,27/06/1970,9818.73,01/08/2023
1671,Alice Johnson,,987-654-3210,04/02/1964,8391.46,23/06/2020
1672,Eve Adams,bob@email.com,,01/10/1985,764.42,16/09/2017
1673,Eve Adams,,123-456-7890,05/08/1977,1557.16,21/03/2012
1674,David Wilson,bob@email.com,987-654-3210,01/05/1968,2532.82,03/11/2011
1675,Alice Johnson,charlie@email.com,987-654-3210,15/05/2003,1080.8,17/04/2020
1676,Charlie Davis,bob@email.com,987-654-3210,16/05/1985,9694.03,01/07/2015
1677,Alice Johnson,,123-456-7890,28/06/1965,4610.81,01/06/2016
1678,Charlie Davis,,,28/06/1988,5710.3,24/06/2012
1679,Bob Smith,bob@email.com,123-456-7890,14/03/1964,3466.84,28/04/2011
1680,Eve Adams,charlie@email.com,987-654-3210,19/06/1995,9951.45,24/09/2023
1681,Charlie Davis,alice@email.com,,28/03/1980,1080.84,29/04/2021
1682,Charlie Davis,,987-654-3210,23/05/1980,7777.52,06/07/2017
1683,Eve Adams,bob@email.com,,01/08/1995,5902.8,08/01/2014
1684,Alice Johnson,,123-456-7890,07/09/1975,4477.25,05/02/2018
1685,Alice Johnson,,123-456-7890,16/12/1982,-118.5,01/09/2012
1686,Eve Adams,alice@email.com,123-456-7890,16/12/1998,1275.13,08/12/2019
1687,Bob Smith,bob@email.com,987-654-3210,27/07/2000,9606.89,11/12/2017
1688,Alice Johnson,bob@email.com,123-456-7890,08/08/1982,2053.03,15/01/2020
1689,Alice Johnson,,123-456-7890,08/11/1970,5068.67,20/09/2013
1690,Eve Adams,bob@email.com,,17/02/1997,1911.83,21/10/2014
1691,Eve Adams,,123-456-7890,21/05/1973,8300.22,13/08/2017
1692,Bob Smith,alice@email.com,,15/02/1961,1707.49,25/05/2015
1693,Charlie Davis,,987-654-3210,07/11/1974,8609.37,08/08/2016
1694,Alice Johnson,,987-654-3210,12/09/2005,3071.54,24/12/2016
1695,David Wilson,,123-456-7890,22/09/1960,758.1,09/07/2018
1696,David Wilson,,,10/01/1965,1638.24,14/03/2022
1697,David Wilson,charlie@email.com,987-654-3210,25/07/1965,7123.96,16/09/2012
1698,David Wilson,,123-456-7890,01/09/1979,2443.4,12/04/2010
1699,Alice Johnson,charlie@email.com,,13/08/1974,1389.44,19/10/2016
1700,Eve Adams,,123-456-7890,20/05/1966,5605.01,22/03/2015
1701,Eve Adams,,,22/02/1968,3761.44,19/06/2017
1702,Alice Johnson,bob@email.com,123-456-7890,19/01/2000,6768.67,08/12/2021
1703,Charlie Davis,alice@email.com,,15/10/1963,920.63,28/03/2021
1704,David Wilson,charlie@email.com,987-654-3210,10/03/2001,7219.29,29/12/2015
1705,Bob Smith,alice@email.com,,29/01/2005,2117.8,17/08/2021
1706,David Wilson,charlie@email.com,123-456-7890,04/03/1987,9188.21,29/02/2016
1707,Eve Adams,alice@email.com,123-456-7890,18/02/1961,7631.46,13/12/2022
1708,Eve Adams,charlie@email.com,987-654-3210,12/09/1973,3783.09,06/02/2011
1709,Charlie Davis,,987-654-3210,16/11/2002,7196.08,08/02/2016
1710,Eve Adams,,123-456-7890,04/03/1960,419.08,09/11/2015
1711,Eve Adams,bob@email.com,987-654-3210,29/10/1970,3002.52,20/01/2011
1712,Eve Adams,,,31/01/1987,1112.6,17/01/2015
1713,Alice Johnson,,,08/12/1984,6019.48,30/09/2016
1714,Alice Johnson,charlie@email.com,123-456-7890,18/09/1997,401.5,03/05/2016
1715,David Wilson,,987-654-3210,04/10/1973,2034.63,11/02/2010
1716,Bob Smith,,,30/05/1975,5250.22,04/01/2015
1717,Eve Adams,alice@email.com,123-456-7890,09/08/1982,5483.39,26/05/2021
1718,Alice Johnson,,,30/06/1989,603.45,21/07/2022
1719,Eve Adams,bob@email.com,,03/03/2001,1490.55,27/12/2010
1720,Bob Smith,charlie@email.com,,27/06/1965,5488.8,11/11/2023
1721,Bob Smith,,,13/06/1975,1914.11,03/10/2015
1722,Charlie Davis,charlie@email.com,987-654-3210,13/01/2001,-104.88,08/08/2013
1723,Bob Smith,alice@email.com,,13/11/1990,8470.15,03/03/2020
1724,Alice Johnson,bob@email.com,,02/01/1973,9469.63,06/02/2014
1725,Bob Smith,,987-654-3210,20/09/1982,3442.23,18/06/2016
1726,Charlie Davis,charlie@email.com,123-456-7890,23/08/2005,4024.57,04/10/2016
1727,Eve Adams,bob@email.com,123-456-7890,08/12/1974,2877.45,26/01/2014
1728,Bob Smith,alice@email.com,,24/09/1998,5932.6,17/04/2010
1729,David Wilson,,123-456-7890,27/12/2003,8194.77,15/08/2013
1730,Bob Smith,alice@email.com,,26/12/1968,2288.89,25/02/2010
1731,Bob Smith,,,21/11/1972,6049.05,24/01/2016
1732,Charlie Davis,charlie@email.com,987-654-3210,17/10/1975,5938.77,15/01/2022
1733,Eve Adams,,987-654-3210,11/04/1968,8495.84,08/03/2017
1734,Eve Adams,alice@email.com,123-456-7890,02/09/1981,7619.25,16/02/2011
1735,David Wilson,bob@email.com,987-654-3210,02/07/1985,604.77,13/11/2022
1736,Eve Adams,,,12/04/1999,9968.69,22/05/2012
1737,Charlie Davis,alice@email.com,987-654-3210,18/09/1988,-127.01,21/08/2019
1738,David Wilson,alice@email.com,123-456-7890,23/08/1964,9511.37,27/08/2019
1739,Charlie Davis,bob@email.com,987-654-3210,25/02/1997,5936.44,29/05/2021
1740,Eve Adams,charlie@email.com,,01/05/1974,852.3,28/04/2023
1741,Eve Adams,charlie@email.com,123-456-7890,10/07/1962,9323.82,30/01/2013
1742,Alice Johnson,alice@email.com,,07/04/1979,5409.31,18/02/2013
1743,David Wilson,,123-456-7890,21/09/2004,216.27,18/12/2014
1744,Alice Johnson,charlie@email.com,987-654-3210,02/05/1963,4579.04,09/12/2011
1745,Alice Johnson,alice@email.com,,23/01/1994,4373.54,01/10/2010
1746,Charlie Davis,alice@email.com,987-654-3210,22/04/1988,1512.19,30/07/2020
1747,Eve Adams,alice@email.com,,24/02/1992,6941.75,22/11/2019
1748,Alice Johnson,charlie@email.com,123-456-7890,16/01/1963,3897.78,02/12/2012
1749,Bob Smith,bob@email.com,123-456-7890,10/07/1995,9986.37,03/04/2014
1750,Charlie Davis,charlie@email.com,,30/09/1984,1394.79,09/11/2011
1751,Alice Johnson,charlie@email.com,123-456-7890,31/05/1966,7047.15,24/09/2010
1752,Bob Smith,charlie@email.com,987-654-3210,25/07/1967,6233.53,04/05/2018
1753,Bob Smith,,,15/08/1971,9612.42,09/02/2021
1754,David Wilson,,987-654-3210,09/03/2001,5943.31,02/04/2023
1755,Bob Smith,,,05/02/1996,9051.45,18/06/2016
1756,Charlie Davis,charlie@email.com,987-654-3210,30/08/2001,4567.61,20/10/2023
1757,Eve Adams,alice@email.com,123-456-7890,12/12/1971,7836.57,02/04/2019
1758,Charlie Davis,bob@email.com,123-456-7890,16/12/2001,9184.47,06/06/2010
1759,Eve Adams,charlie@email.com,123-456-7890,17/04/1990,5073.85,01/12/2022
1760,David Wilson,,123-456-7890,10/01/2000,9447.81,14/03/2020
1761,Charlie Davis,charlie@email.com,987-654-3210,23/01/1973,8818.3,27/07/2020
1762,Eve Adams,alice@email.com,,05/12/1986,3905.21,04/06/2019
1763,Eve Adams,alice@email.com,987-654-3210,28/01/1979,1941.03,25/12/2015
1764,Alice Johnson,charlie@email.com,987-654-3210,01/08/1969,-225.75,16/11/2022
1765,Eve Adams,bob@email.com,123-456-7890,20/12/1967,254.9,03/01/2023
1766,Charlie Davis,alice@email.com,987-654-3210,07/04/1994,7425.8,23/11/2012
1767,Charlie Davis,alice@email.com,123-456-7890,27/06/1966,1430,02/01/2018
1768,David Wilson,,,11/05/1981,7138.21,09/07/2014
1769,Alice Johnson,alice@email.com,123-456-7890,27/04/1991,4869.76,12/03/2012
1770,David Wilson,bob@email.com,,04/09/1973,3207.77,31/08/2022
1771,Charlie Davis,alice@email.com,,29/05/1967,9147.39,18/02/2011
1772,Charlie Davis,alice@email.com,987-654-3210,28/11/1995,6982.26,06/11/2017
1773,Eve Adams,charlie@email.com,,19/11/1988,4289.07,19/03/2022
1774,Eve Adams,alice@email.com,123-456-7890,15/06/1961,7747.56,16/10/2011
1775,Bob Smith,charlie@email.com,987-654-3210,29/05/1993,9981.06,25/06/2012
1776,Alice Johnson,charlie@email.com,,22/09/1995,9619.36,16/04/2013
1777,Eve Adams,bob@email.com,,23/03/2004,1222.7,12/09/2011
1778,Charlie Davis,,123-456-7890,09/09/1985,5544.82,03/10/2021
1779,David Wilson,alice@email.com,,31/12/1986,2797.78,13/02/2013
1780,Alice Johnson,alice@email.com,,04/11/1983,1360.28,05/01/2016
1781,Charlie Davis,charlie@email.com,123-456-7890,30/05/2001,8693.1,22/05/2011
1782,David Wilson,alice@email.com,,02/10/2002,6377.78,07/11/2010
1783,Eve Adams,,123-456-7890,27/06/1981,352.63,16/07/2020
1784,Eve Adams,,,14/03/1975,6246.04,10/03/2015
1785,Charlie Davis,alice@email.com,123-456-7890,29/08/1971,9308.94,12/07/2017
1786,David Wilson,,123-456-7890,11/04/1966,906.03,02/12/2021
1787,Alice Johnson,bob@email.com,,21/10/1971,8806.35,20/09/2016
1788,Eve Adams,bob@email.com,123-456-7890,28/11/1961,5701.57,30/03/2014
1789,Bob Smith,bob@email.com,987-654-3210,20/06/1977,6882.74,01/10/2011
1790,Bob Smith,,987-654-3210,05/08/1965,9220.58,20/08/2010
1791,David Wilson,alice@email.com,,18/12/1977,1300.28,26/10/2013
1792,David Wilson,alice@email.com,,03/06/1992,4849.55,19/09/2010
1793,David Wilson,charlie@email.com,987-654-3210,14/05/1970,629.56,21/12/2019
1794,Alice Johnson,bob@email.com,,31/05/1998,2816.2,13/07/2011
1795,Charlie Davis,bob@email.com,987-654-3210,23/01/1977,6257.96,24/02/2010
1796,Alice Johnson,alice@email.com,,22/09/1992,4038.24,17/12/2013
1797,David Wilson,bob@email.com,987-654-3210,21/08/1989,689.97,03/02/2015
1798,David Wilson,,987-654-3210,28/02/1984,5170.68,10/02/2015
1799,David Wilson,alice@email.com,987-654-3210,21/09/1961,1976.77,04/07/2015
1800,Eve Adams,alice@email.com,987-654-3210,22/08/1964,6793.12,09/11/2015
1801,Alice Johnson,bob@email.com,123-456-7890,01/12/1981,9128.31,01/07/2014
1802,Bob Smith,,123-456-7890,22/01/1995,838.71,11/03/2020
1803,Charlie Davis,alice@email.com,,06/02/1996,1415.91,08/12/2023
1804,David Wilson,,123-456-7890,24/02/1999,3031.98,08/08/2016
1805,Alice Johnson,bob@email.com,,15/07/1964,8187.62,24/02/2023
1806,Bob Smith,,,02/03/2003,1098.69,11/05/2010
1807,Eve Adams,bob@email.com,,12/09/1994,3108.83,08/05/2016
1808,Charlie Davis,charlie@email.com,,07/11/1972,6067.49,18/07/2017
1809,Charlie Davis,alice@email.com,123-456-7890,19/10/2000,8019.07,27/09/2023
1810,Eve Adams,bob@email.com,123-456-7890,17/01/1986,7347.38,09/04/2010
1811,David Wilson,charlie@email.com,987-654-3210,08/03/1963,6878.73,23/01/2018
1812,Charlie Davis,,,12/11/1986,2073.54,24/09/2010
1813,Charlie Davis,bob@email.com,987-654-3210,11/11/1964,1571.34,15/02/2022
1814,David Wilson,alice@email.com,123-456-7890,16/12/2001,8860.15,04/10/2023
1815,Bob Smith,charlie@email.com,123-456-7890,03/02/1993,4791.61,05/10/2019
1816,Bob Smith,bob@email.com,987-654-3210,14/05/1974,1038.33,31/05/2022
1817,Bob Smith,,123-456-7890,05/04/1993,3420.08,06/12/2015
1818,Charlie Davis,,123-456-7890,12/08/1985,8924.07,31/03/2021
1819,David Wilson,alice@email.com,987-654-3210,04/03/1961,-320.83,05/07/2015
1820,Eve Adams,alice@email.com,123-456-7890,28/04/1991,7572.46,16/07/2023
1821,Alice Johnson,charlie@email.com,987-654-3210,13/11/1996,3830.49,18/05/2015
1822,Eve Adams,bob@email.com,,24/03/1978,9728.62,17/02/2011
1823,David Wilson,bob@email.com,123-456-7890,23/10/1993,9034.14,12/01/2010
1824,Alice Johnson,bob@email.com,,22/04/1978,3469.8,08/02/2017
1825,Eve Adams,,,26/04/1996,3170.28,20/05/2022
1826,Charlie Davis,charlie@email.com,,08/09/1995,-390.08,05/12/2022
1827,Charlie Davis,,,17/06/1969,6335.68,12/01/2023
1828,Bob Smith,charlie@email.com,,06/12/2005,8304.95,31/03/2014
1829,Alice Johnson,bob@email.com,,19/03/2002,5722.07,30/06/2017
1830,Charlie Davis,bob@email.com,,28/05/1989,7528.82,11/11/2013
1831,David Wilson,alice@email.com,987-654-3210,01/08/1996,9139.18,11/11/2023
1832,Bob Smith,charlie@email.com,,12/04/1965,1921.89,15/06/2020
1833,Bob Smith,bob@email.com,,28/12/2004,7663.21,18/06/2023
1834,Eve Adams,charlie@email.com,,07/01/1988,6897.77,15/03/2017
1835,Eve Adams,charlie@email.com,,26/08/1969,-380.36,28/12/2014
1836,Bob Smith,bob@email.com,123-456-7890,28/03/1974,-176.1,08/06/2010
1837,David Wilson,alice@email.com,,31/07/1965,270.59,16/06/2016
1838,Eve Adams,charlie@email.com,987-654-3210,20/04/1979,5990.09,26/08/2014
1839,Bob Smith,alice@email.com,,26/08/1960,-353.69,20/07/2019
1840,Alice Johnson,,123-456-7890,24/08/1997,8858.38,05/07/2015
1841,Charlie Davis,charlie@email.com,,26/02/2004,5218.48,15/07/2023
1842,Alice Johnson,bob@email.com,,16/09/1970,7520.98,22/09/2013
1843,David Wilson,charlie@email.com,123-456-7890,21/11/1969,2269.83,30/12/2015
1844,Bob Smith,,,21/06/1986,658.82,04/01/2014
1845,Bob Smith,,123-456-7890,20/03/1981,628.43,21/11/2010
1846,Bob Smith,bob@email.com,987-654-3210,05/05/1987,1900.75,18/06/2018
1847,David Wilson,bob@email.com,123-456-7890,12/12/1982,1073.99,28/07/2023
1848,Charlie Davis,bob@email.com,,28/03/1995,3296.06,02/09/2010
1849,Bob Smith,bob@email.com,987-654-3210,12/07/1965,7171.98,30/06/2011
1850,Charlie Davis,,987-654-3210,09/02/1979,3295.76,22/07/2022
1851,Charlie Davis,alice@email.com,123-456-7890,04/12/1996,4040.68,12/08/2012
1852,Bob Smith,alice@email.com,,22/04/1991,-440.55,05/07/2012
1853,Eve Adams,,,05/05/1980,3973.38,02/03/2014
1854,Alice Johnson,,123-456-7890,09/09/1995,-306.26,05/08/2023
1855,Eve Adams,,987-654-3210,19/01/1990,482.52,05/01/2013
1856,Charlie Davis,,123-456-7890,03/06/2005,9239.13,25/05/2012
1857,Charlie Davis,,,05/07/1991,2616.3,10/06/2018
1858,Eve Adams,alice@email.com,,17/04/1964,8190.28,11/11/2018
1859,Bob Smith,,123-456-7890,12/06/1984,3244.33,11/12/2019
1860,Charlie Davis,bob@email.com,123-456-7890,28/10/1988,2969.08,24/10/2013
1861,Eve Adams,,987-654-3210,09/11/1980,4315,04/03/2021
1862,Eve Adams,charlie@email.com,987-654-3210,29/11/1993,7576.08,29/10/2018
1863,Charlie Davis,bob@email.com,987-654-3210,17/08/1992,9124.54,14/09/2018
1864,Eve Adams,bob@email.com,123-456-7890,24/07/1987,6435.06,27/02/2021
1865,Charlie Davis,bob@email.com,123-456-7890,03/09/1995,8694.39,07/10/2020
1866,Charlie Davis,bob@email.com,987-654-3210,28/02/1976,8569.16,06/03/2018
1867,David Wilson,bob@email.com,987-654-3210,19/07/1967,8406.47,26/04/2017
1868,Eve Adams,charlie@email.com,,22/06/1999,9813.35,30/10/2021
1869,Bob Smith,alice@email.com,987-654-3210,22/02/2003,9728.28,20/05/2012
1870,Charlie Davis,alice@email.com,,10/04/1969,5540.06,16/05/2022
1871,Eve Adams,alice@email.com,987-654-3210,26/08/1983,7864.58,04/05/2018
1872,Bob Smith,charlie@email.com,123-456-7890,19/10/1993,2626.46,23/08/2013
1873,David Wilson,alice@email.com,987-654-3210,27/03/1962,5166.39,09/01/2013
1874,Eve Adams,,123-456-7890,10/01/1972,4060.75,18/10/2011
1875,Alice Johnson,,987-654-3210,05/08/1992,590.56,07/08/2023
1876,Charlie Davis,,,06/10/1985,1082.45,26/01/2023
1877,Bob Smith,alice@email.com,,06/10/1980,2557.56,17/12/2019
1878,Eve Adams,charlie@email.com,123-456-7890,16/03/1970,7254.86,17/06/2013
1879,Eve Adams,,,29/08/1969,8549.88,08/01/2016
1880,David Wilson,bob@email.com,987-654-3210,25/10/1962,1031.19,11/12/2020
1881,Charlie Davis,,123-456-7890,18/06/1974,4150.89,18/04/2013
1882,David Wilson,,987-654-3210,06/10/1980,6094.9,27/12/2013
1883,David Wilson,,123-456-7890,06/09/1965,9509.86,31/12/2015
1884,Charlie Davis,bob@email.com,987-654-3210,05/03/1964,4536.81,29/04/2022
1885,Alice Johnson,,,04/06/1968,8109.15,12/11/2023
1886,Charlie Davis,,123-456-7890,25/04/1983,716.69,25/05/2013
1887,Bob Smith,,,19/01/1977,7584.02,18/10/2019
1888,Bob Smith,alice@email.com,987-654-3210,21/07/1989,6879.7,10/03/2011
1889,Charlie Davis,charlie@email.com,123-456-7890,13/04/1994,7978.12,23/12/2014
1890,Charlie Davis,,987-654-3210,13/03/1963,1664.97,27/05/2011
1891,Charlie Davis,,987-654-3210,19/01/1999,4898.06,15/12/2011
1892,David Wilson,alice@email.com,,01/11/1975,7141.94,23/01/2021
1893,Alice Johnson,bob@email.com,,30/11/2001,9314.74,21/03/2022
1894,Bob Smith,,,08/08/2004,3126.67,07/06/2019
1895,Alice Johnson,,,10/02/1996,519.27,01/03/2013
1896,David Wilson,charlie@email.com,987-654-3210,12/06/1994,2140.76,06/09/2012
1897,Charlie Davis,bob@email.com,987-654-3210,06/03/1967,7251.31,09/09/2016
1898,Charlie Davis,charlie@email.com,987-654-3210,27/04/1992,4579.26,30/09/2023
1899,Charlie Davis,alice@email.com,987-654-3210,07/02/1999,5346.88,22/11/2015
1900,Bob Smith,charlie@email.com,,07/11/1981,1204.07,10/06/2019
1901,Eve Adams,bob@email.com,,13/08/1992,6990.26,05/06/2019
1902,Eve Adams,bob@email.com,,29/10/1990,3391.54,15/01/2014
1903,David Wilson,charlie@email.com,123-456-7890,16/12/1992,6353.1,23/08/2010
1904,David Wilson,,,11/02/1967,2786.86,13/05/2015
1905,Bob Smith,alice@email.com,123-456-7890,18/01/1982,6030.46,29/05/2010
1906,Alice Johnson,,,28/02/1986,5812.93,27/01/2017
1907,Eve Adams,charlie@email.com,123-456-7890,21/12/1974,-345.59,15/09/2011
1908,Bob Smith,charlie@email.com,987-654-3210,16/01/1987,4232.92,15/12/2018
1909,Eve Adams,bob@email.com,987-654-3210,09/11/1969,3854.1,13/06/2012
1910,Bob Smith,,,13/10/1971,8755.01,17/12/2018
1911,Alice Johnson,alice@email.com,987-654-3210,02/02/1996,3559.98,13/06/2020
1912,Eve Adams,,,04/07/1983,7402.08,25/02/2020
1913,Eve Adams,bob@email.com,987-654-3210,21/12/2001,3566.18,21/06/2012
1914,David Wilson,alice@email.com,987-654-3210,26/11/1965,4030.9,26/06/2018
1915,Charlie Davis,charlie@email.com,123-456-7890,23/11/1980,4320.36,13/05/2015
1916,David Wilson,,,29/07/1963,8334.66,03/10/2021
1917,Charlie Davis,charlie@email.com,,06/02/1977,922.18,10/06/2015
1918,David Wilson,,123-456-7890,25/03/2002,1512.29,02/02/2021
1919,Alice Johnson,alice@email.com,,17/11/1986,9387.73,19/11/2012
1920,Alice Johnson,bob@email.com,,26/10/1984,4493.62,28/02/2014
1921,Bob Smith,,987-654-3210,12/03/1994,8563.19,10/08/2015
1922,David Wilson,,,12/09/1979,4832.67,30/10/2022
1923,Eve Adams,,987-654-3210,12/01/1967,4328.42,11/05/2015
1924,Eve Adams,bob@email.com,,20/06/2000,6674.03,14/11/2011
1925,David Wilson,,123-456-7890,30/08/2001,5070.31,09/11/2018
1926,Bob Smith,charlie@email.com,,22/12/1981,813.56,22/02/2022
1927,Charlie Davis,bob@email.com,,28/01/1991,9806.89,26/06/2019
1928,David Wilson,bob@email.com,987-654-3210,26/07/1976,8921.98,26/10/2018
1929,Bob Smith,charlie@email.com,,27/05/2004,96.75,24/02/2023
1930,Bob Smith,alice@email.com,,22/12/2003,5577.5,24/05/2018
1931,Bob Smith,charlie@email.com,123-456-7890,30/06/1963,-300.21,07/09/2020
1932,Charlie Davis,,,07/11/1970,7570.22,15/09/2014
1933,Eve Adams,,123-456-7890,11/03/1995,2975.33,05/11/2017
1934,David Wilson,alice@email.com,,18/07/1986,6242.13,24/02/2014
1935,Bob Smith,charlie@email.com,987-654-3210,27/10/1976,7421.63,19/12/2014
1936,David Wilson,,123-456-7890,26/04/1999,2988.6,07/09/2014
1937,Eve Adams,bob@email.com,,10/01/2001,3911.6,14/11/2017
1938,David Wilson,charlie@email.com,,14/06/1983,7444,09/02/2021
1939,Alice Johnson,,987-654-3210,27/09/1987,445.83,18/01/2010
1940,David Wilson,bob@email.com,987-654-3210,10/07/1965,1092.99,08/10/2017
1941,Charlie Davis,alice@email.com,,04/07/1997,4721.84,26/03/2015
1942,David Wilson,,987-654-3210,22/09/1971,8593.43,09/10/2020
1943,Alice Johnson,,123-456-7890,04/11/2005,1118.29,09/06/2018
1944,Alice Johnson,bob@email.com,,05/04/1999,4123.23,10/01/2013
1945,Alice Johnson,bob@email.com,123-456-7890,14/04/1975,2805.76,16/09/2020
1946,Charlie Davis,bob@email.com,123-456-7890,18/12/1987,9284.76,11/10/2019
1947,David Wilson,alice@email.com,987-654-3210,14/12/1968,-257.43,02/11/2012
1948,Bob Smith,,123-456-7890,15/11/2003,1215.43,03/01/2015
1949,Alice Johnson,,,29/12/1988,411.21,10/03/2022
1950,Alice Johnson,bob@email.com,,16/12/2001,6300.74,17/11/2019
1951,Alice Johnson,bob@email.com,123-456-7890,21/06/1964,4548.7,24/04/2021
1952,David Wilson,,,11/01/1960,5286.75,02/10/2018
1953,Alice Johnson,bob@email.com,123-456-7890,10/10/1964,-224.87,27/09/2017
1954,David Wilson,charlie@email.com,987-654-3210,09/10/1978,1611.24,18/02/2023
1955,Eve Adams,,,19/09/1980,122.7,14/01/2013
1956,Charlie Davis,charlie@email.com,987-654-3210,26/06/1983,4897.85,29/05/2018
1957,Bob Smith,alice@email.com,,16/03/1977,2089.78,14/12/2022
1958,Bob Smith,alice@email.com,123-456-7890,31/07/1960,-298.36,19/02/2016
1959,Alice Johnson,bob@email.com,123-456-7890,24/01/1990,7217.79,01/04/2012
1960,Bob Smith,,123-456-7890,14/04/2005,825.39,16/04/2013
1961,Charlie Davis,charlie@email.com,987-654-3210,01/06/1961,920.01,01/01/2014
1962,Charlie Davis,bob@email.com,987-654-3210,17/04/1967,8821.36,15/03/2018
1963,Bob Smith,,,07/03/1962,7698.57,16/09/2023
1964,Bob Smith,charlie@email.com,123-456-7890,22/09/1974,5631.82,15/09/2019
1965,Eve Adams,,123-456-7890,24/10/1996,-294.21,29/03/2013
1966,Alice Johnson,,,12/02/2003,8408.96,20/12/2018
1967,Alice Johnson,,123-456-7890,29/08/1963,7616.84,23/02/2022
1968,David Wilson,bob@email.com,987-654-3210,25/01/2001,7008.44,06/11/2020
1969,Alice Johnson,,,05/04/1974,1392.56,21/06/2012
1970,Bob Smith,bob@email.com,123-456-7890,09/07/1964,8397.92,12/04/2020
1971,Alice Johnson,charlie@email.com,123-456-7890,07/06/1969,9038.71,01/01/2011
1972,Charlie Davis,bob@email.com,,22/12/1993,6737.66,13/09/2017
1973,Charlie Davis,,987-654-3210,02/11/1962,7005.08,22/06/2023
1974,Charlie Davis,charlie@email.com,123-456-7890,27/10/1966,4679.9,22/03/2020
1975,Bob Smith,bob@email.com,123-456-7890,07/08/2004,2997.26,16/02/2014
1976,Eve Adams,charlie@email.com,123-456-7890,04/10/1991,8805.85,13/04/2010
1977,Alice Johnson,charlie@email.com,987-654-3210,26/01/1963,9068.27,30/07/2015
1978,Bob Smith,charlie@email.com,,23/08/1995,3412.58,29/08/2012
1979,Eve Adams,bob@email.com,,04/04/2000,6.08,02/09/2015
1980,David Wilson,charlie@email.com,,06/04/2003,6460.53,28/12/2019
1981,Alice Johnson,charlie@email.com,987-654-3210,30/11/2001,8844.31,28/08/2018
1982,Charlie Davis,alice@email.com,123-456-7890,14/03/1973,5452.72,05/08/2012
1983,Eve Adams,,987-654-3210,06/09/2004,5910.31,19/01/2014
1984,Alice Johnson,alice@email.com,123-456-7890,11/05/1964,3035.71,04/11/2012
1985,Bob Smith,charlie@email.com,,15/08/1999,9060.98,18/01/2018
1986,Charlie Davis,,,30/04/1980,3523.32,02/08/2013
1987,Charlie Davis,,123-456-7890,18/11/1987,9920.29,13/05/2018
1988,Charlie Davis,alice@email.com,,27/02/1960,9077.62,14/04/2017
1989,David Wilson,alice@email.com,987-654-3210,20/01/2002,5599.32,19/12/2018
1990,Bob Smith,bob@email.com,987-654-3210,16/11/1960,4781.64,16/03/2023
1991,Charlie Davis,,123-456-7890,18/08/1972,7958.45,04/05/2016
1992,Alice Johnson,charlie@email.com,,18/06/1979,4708.08,05/05/2020
1993,Eve Adams,alice@email.com,123-456-7890,25/06/1997,3319.72,01/08/2014
1994,David Wilson,alice@email.com,,28/08/2001,2062.17,21/12/2019
1995,Alice Johnson,,,20/10/2002,4151.06,19/01/2016
1996,Eve Adams,,,08/03/1986,5357.98,12/04/2014
1997,Bob Smith,charlie@email.com,987-654-3210,06/03/1997,4418.04,19/07/2017
1998,Alice Johnson,charlie@email.com,987-654-3210,23/04/1978,6907.72,24/06/2011
1999,Eve Adams,alice@email.com,,19/10/1965,6462.6,01/02/2023
2000,David Wilson,,987-654-3210,07/11/2002,9420.01,02/03/2013
1967,Alice Johnson,,123-456-7890,29/08/1963,7616.84,23/02/2022
1474,David Wilson,alice@email.com,,02/01/1990,6109.43,31/03/2011
1735,David Wilson,bob@email.com,987-654-3210,02/07/1985,604.77,13/11/2022
1854,Alice Johnson,,123-456-7890,09/09/1995,-306.26,05/08/2023
1782,David Wilson,alice@email.com,,02/10/2002,6377.78,07/11/2010
1365,Eve Adams,alice@email.com,123-456-7890,14/03/1973,644.16,19/08/2022
1300,Bob Smith,bob@email.com,123-456-7890,29/05/1965,1081.58,07/11/2016
1342,David Wilson,bob@email.com,987-654-3210,05/01/1999,4488.68,29/12/2023
1453,David Wilson,bob@email.com,987-654-3210,17/02/2000,9674.23,11/02/2013
1203,Alice Johnson,bob@email.com,,20/03/2002,616.36,06/09/2014
